path,kind,size_bytes,sha1
.agents/memory/MEMORY.md,memory,3233,de29e77679cf572096182d22b7715fb01f1fe829
.agents/memory/ai-orchestrator-hardening.md,memory,2098,207a275795624f99d02ba6ab74e35af059e43ae2
.agents/memory/ai-orchestrator-layer.md,memory,2177,5883a5ddf46f98bba991ff993da69d341ca798a5
.agents/memory/audit-fixes.md,memory,1459,f896605a27d7de72b1d99e685fad1e4f55789635
.agents/memory/clerk-401-race-cookie-vs-bearer.md,memory,2009,705f1ab0cb2503102fa4addfb3ab4e09696cfafa
.agents/memory/clerk-auth-testing.md,memory,1530,38d58e6c7a8847cc715d7f0feb4690fd85283c9f
.agents/memory/discovery-adapter-registry.md,memory,1172,b605b40ba72079bf8cd6396b897ded58f9ebb57a
.agents/memory/discovery-feature.md,memory,2496,664a4e5b65f85a0924482d3b47eed5d97b9125f3
.agents/memory/discovery-multi-source.md,memory,2357,5fceb42d2321522b41db73cd8334c147d9ab132c
.agents/memory/drizzle-error-wrapping.md,memory,1244,8bb0eefb8df4df19c1cf93ee8e5ee40b38894184
.agents/memory/engineeringos-completion-plan.md,memory,1240,2cdfcefe723b8ca673bc2f03f0a526570c5af5a2
.agents/memory/fk-atomic-claim-ordering.md,memory,2145,8c39c3007675fba2f0fed978b8530c35cbd38ff4
.agents/memory/imported-project-workflow-failures.md,memory,1870,7e88b4d60abe38b6ee02ea3ccfc2b42da3723648
.agents/memory/knowledge-engine-bfs-depth.md,memory,1592,0f1fdde951d815b5f1a051ebcaa40cd1fae15ba5
.agents/memory/knowledge-engine.md,memory,2299,39a5983ee1f4f0302d485f3c7e15471b07cc84ea
.agents/memory/orval-openapi-codegen.md,memory,1815,e8b9cd3e5bad2701b3631d45e6a5b7640c0db0ec
.agents/memory/scanner-ast-extraction.md,memory,4047,19a8f40666d1bfd8620d6f5ca13ccdf451e40efe
.agents/memory/testing-drift-checks.md,memory,1129,51f3dd1f1861d5ba69f80c89f709e09d4f64c3e1
.gitattributes,config,170,56aa586de1132683235183e51c84eb4b7b41f43e
.gitignore,config,668,cf29a0a748abf0b11d3122bc690bb145b6a0b7cc
.npmrc,config,56,ac9499fcb34746c49cf8a8f71e73ef117cd4061c
.replit,config,394,f9102bfd77db7bc24cac4aa1a571b57a770f8a02
.replitignore,config,201,63d052aa3beee3776f771285b0ef54e8e0918f1a
artifacts/api-server/.replit-artifact/artifact.toml,source,784,3363d9c07cded097905a52a93ce6322eb6560853
artifacts/api-server/build.mjs,source,3455,5c91db95cdc455d7ded9ca4b705ea51d1c25dee4
artifacts/api-server/package.json,source,1342,96ba170b2daae7f329d43e13b456f145291c4a9c
artifacts/api-server/src/app.ts,source,4928,086441eed9b2a470ee6c5e3751ef6886d762072a
artifacts/api-server/src/config.ts,source,2281,43a0a60c7a87954656293961fbb991800437e9af
artifacts/api-server/src/index.ts,source,604,70cea2badf84420e0dd8e74e28440765425386f1
artifacts/api-server/src/lib/audit.ts,source,2702,1a99a6ead3ee483bf1a86abc7227ca9751619e82
artifacts/api-server/src/lib/discovery-adapters.test.ts,test,10158,84e467bd6cb76674466f665179ee902eae7e717b
artifacts/api-server/src/lib/discovery-adapters.ts,source,8076,0cdd54099114d615902acda273ac91a8c26af377
artifacts/api-server/src/lib/job-queue.test.ts,test,2954,be1a80d72424470abc69134913cdc56d42ec24ee
artifacts/api-server/src/lib/job-queue.ts,source,3067,5ed7d32b8eb983a90d798780d21af5c8a783be02
artifacts/api-server/src/lib/job-reconciliation.test.ts,test,4572,5dbb12128919b4512a4be7077b3eefc0ba169ea8
artifacts/api-server/src/lib/job-reconciliation.ts,source,3828,f603198385fb46414f77db249f4767daacb70209
artifacts/api-server/src/lib/logger.ts,source,426,c6717d609876db6703e63f716efefe64092eca0c
artifacts/api-server/src/lib/plugin-runtime.test.ts,test,11411,bcca5543df0970e93dd9499292fa85481432c315
artifacts/api-server/src/lib/plugin-runtime.ts,source,12532,b14b4259fbe1c8649fd30f3ceaf5aabbc2a309cd
artifacts/api-server/src/lib/scan-runner.ts,source,15143,ac64b251a59316a63edb021a5f8e5f1c8ceeda72
artifacts/api-server/src/middlewares/.gitkeep,source,0,da39a3ee5e6b4b0d3255bfef95601890afd80709
artifacts/api-server/src/middlewares/clerkProxyMiddleware.ts,source,5931,6dcee0050392fb096d3f500a1c4085cdc4c87976
artifacts/api-server/src/middlewares/requireAuth.ts,source,1326,1637f928ec3a2e267c407dff3772011b672f77d1
artifacts/api-server/src/routes/ai.test.ts,test,17841,519ef4bb569efbf9fe3c2a03bce63ba8a3c263e2
artifacts/api-server/src/routes/ai.ts,source,10881,3cdaa709d681b9e9367cc32764b0b0a78e6b3a34
artifacts/api-server/src/routes/dashboard.test.ts,test,10274,4309def1b8d955efb0cf11dfeb3c0f470b0e630a
artifacts/api-server/src/routes/dashboard.ts,source,2667,5535fc5ed8d503f8b28f14b1a6d51efaa5f2edf2
artifacts/api-server/src/routes/discovery.test.ts,test,27434,d6888c3dd800df09fcab1d25d8604c6bb87e3dba
artifacts/api-server/src/routes/discovery.ts,source,35061,3f64b1879b4af0755deb21a8539489db91a45302
artifacts/api-server/src/routes/events.test.ts,test,6546,db78d9fab1f52d12bc10d7d52d9752b553089a29
artifacts/api-server/src/routes/events.ts,source,1351,7bf7caabe607296204237925a833251b067b9043
artifacts/api-server/src/routes/graph.test.ts,test,11103,eb9ebdbee9cee1669c71fdb3e528badc3fd54a87
artifacts/api-server/src/routes/graph.ts,source,6143,9269975386c876557fbbeb0cc9adfcf99916b097
artifacts/api-server/src/routes/health.test.ts,test,751,2d02bebee3c55624ba5203f93881602a03cfebd0
artifacts/api-server/src/routes/health.ts,source,284,b2a21f9d19eb42eb62fb30fcf3e83b9c33ba3cdf
artifacts/api-server/src/routes/index.ts,source,965,e4ee40c9090c8eddf9c95512824518f98f881f47
artifacts/api-server/src/routes/metrics.test.ts,test,2712,229cfd404fdc255ef04e1a3ec5e28cb055750de8
artifacts/api-server/src/routes/metrics.ts,source,1584,b80bda8e43b0ab7b86666fbe45ec2ae7fe2174d0
artifacts/api-server/src/routes/plugins.test.ts,test,1205,7f93462ab1fae74cdec56b0e56d42ba918e9b845
artifacts/api-server/src/routes/plugins.ts,source,4340,6d7b481c71868cd02450959e98ae3b1e24cbdc8e
artifacts/api-server/src/routes/projects.test.ts,test,12370,4ee5026da0627ab4b073b12e17e8a1fc1b12db52
artifacts/api-server/src/routes/projects.ts,source,7346,80cd10afbeef059e3ec7de91652aaada34c019ca
artifacts/api-server/src/routes/rules.test.ts,test,12400,bccccd60a7b8fd2c453f9aedad74e5c66cba7fb2
artifacts/api-server/src/routes/rules.ts,source,5598,0b6c9df106342f23afadf0b449dfd7d689c88759
artifacts/api-server/src/routes/tasks.test.ts,test,4536,4456184dff1486f3593b58a1b1729ac8f32a66b7
artifacts/api-server/src/routes/tasks.ts,source,15691,39a0066ee797b581f3435a7728b5c4f801deb041
artifacts/api-server/src/routes/workflows.test.ts,test,5421,48a722141fc3a5cedc1fafd078f4df87d637b9b3
artifacts/api-server/src/routes/workflows.ts,source,18739,8b7c40001f3a80c4bb997657890915842218bfa2
artifacts/api-server/src/scripts/seed-provenance.ts,source,7238,a1437e84673b412c26ada5ff3c5fb11a87f9ec1a
artifacts/api-server/tsconfig.json,source,493,6fb7a05fa497f677bfea1b24f5f5bdbe7eb85096
artifacts/api-server/vitest.config.ts,source,208,0365f8cdd05b73c1a6708e5b16393a512191e5d8
artifacts/dashboard/.replit-artifact/artifact.toml,source,561,35f649bfee291de19f15eaf611196b5b2c723369
artifacts/dashboard/components.json,source,434,958a95e3f68a15685041224398be3abf479e18f4
artifacts/dashboard/index.html,source,1352,112296ff2c765b9da8a561ed29aac0c1681b0b72
artifacts/dashboard/package.json,source,2820,77d11c9f7153910f7b1635fe9ecfb2b862b48b01
artifacts/dashboard/public/favicon.svg,source,163,62f728e4ad3cb0641e379175187268c8f0ba492e
artifacts/dashboard/public/logo.svg,source,502,977fed14be12b83c2db0541893d1af790f526ea6
artifacts/dashboard/public/robots.txt,source,23,65990256b6ebe0149d8edfcae37274b6af3e42ae
artifacts/dashboard/src/App.tsx,source,5257,c66f99b2f994f38d2358edde2f30cd6d4dc601ff
artifacts/dashboard/src/components/layout/Shell.tsx,source,1829,2098ac7e944497a8c2741724acd53ce93cd2f893
artifacts/dashboard/src/components/layout/Sidebar.tsx,source,3916,643156a62dd467ccbb0eaf6b2e62fcbb19c8e43d
artifacts/dashboard/src/components/ui/accordion.tsx,source,2013,8a31a9e6251c144952533d1375b0e5bba86a5a7e
artifacts/dashboard/src/components/ui/alert-dialog.tsx,source,4447,d8d9a59c690e050b9651ed6d62ffade250ee2d6b
artifacts/dashboard/src/components/ui/alert.tsx,source,1609,f84b4490f13dcc32e2c465fde732028a9599d65b
artifacts/dashboard/src/components/ui/aspect-ratio.tsx,source,143,628842fc2657d4a157c0a3cd299189a25da7d52d
artifacts/dashboard/src/components/ui/avatar.tsx,source,1431,6ff033694fd60dd720e84a24eaef7fdeade62096
artifacts/dashboard/src/components/ui/badge.tsx,source,1528,a55ba535b1e64e4a25bbfadc4c6bd0be2caebaa1
artifacts/dashboard/src/components/ui/breadcrumb.tsx,source,2735,8d84dbfbdc890f6146a89425ae9103e1f73b7d34
artifacts/dashboard/src/components/ui/button-group.tsx,source,2222,0a0bfbfcfb4ce805ce9f5714703d409ad3acb357
artifacts/dashboard/src/components/ui/button.tsx,source,2370,4d2174ad3dd00fc8f85a32285191b65c19f94f0c
artifacts/dashboard/src/components/ui/calendar.tsx,source,7607,e7b69fdd0278793ba25ffc14b820d689219004aa
artifacts/dashboard/src/components/ui/card.tsx,source,1856,ca20dbde8865dd0143855e1604fba64c104e2c43
artifacts/dashboard/src/components/ui/carousel.tsx,source,6288,29bdbec9174d6e6874ba2681a577ac07172f0c5f
artifacts/dashboard/src/components/ui/chart.tsx,source,10846,96dc1504bc5e3c735357297118ec1cda56e7f197
artifacts/dashboard/src/components/ui/checkbox.tsx,source,1038,75ffb87b6aadd73690a027c2977cdb29a41ae681
artifacts/dashboard/src/components/ui/collapsible.tsx,source,335,1446133c5b8bffa7059c7d751c1e2a80125fee7b
artifacts/dashboard/src/components/ui/command.tsx,source,4918,d7aafb450cecce9c6ed0a1e30bed327e74ee654e
artifacts/dashboard/src/components/ui/context-menu.tsx,source,7446,7c46117f1be94a18f27a05a98972962646d23d39
artifacts/dashboard/src/components/ui/dialog.tsx,source,3889,19c3af71f4f2aabdf3173d0f8e9e24c2ee0fcd9c
artifacts/dashboard/src/components/ui/drawer.tsx,source,3029,9e2526fd48dd576033a7fbf406ec2e60ec2b2043
artifacts/dashboard/src/components/ui/dropdown-menu.tsx,source,7646,082287f20482630c3c0cdd40bf3e1eb0f5be2ac0
artifacts/dashboard/src/components/ui/empty.tsx,source,2410,501bdea4b2e23a4f198e0759cf48b99d39e076a1
artifacts/dashboard/src/components/ui/field.tsx,source,6079,da5a9c0ce8efd71291ca061ac0ec8e53c248b9fb
artifacts/dashboard/src/components/ui/form.tsx,source,4232,63db71dcc3fd8a24c9fa1166d5ce287513e98112
artifacts/dashboard/src/components/ui/hover-card.tsx,source,1245,124c217f12836e6d49a4b3d7e1dceb72fb562fca
artifacts/dashboard/src/components/ui/input-group.tsx,source,4993,de9991210b9b302912598b89455124293be2308e
artifacts/dashboard/src/components/ui/input-otp.tsx,source,2160,877c3e0d869fe078fcc36dfdd62ee74aaec03fe2
artifacts/dashboard/src/components/ui/input.tsx,source,775,73d8acc79148901b0a0381c207f8068e3c4ace6c
artifacts/dashboard/src/components/ui/item.tsx,source,4519,206ee79881a930e804e8d4adf491704cd89d6e39
artifacts/dashboard/src/components/ui/kbd.tsx,source,867,da95399e48057338415e7596dc151b8645e8aae9
artifacts/dashboard/src/components/ui/label.tsx,source,733,937fc799e8a5b52251e30e0e1bf45782c250622d
artifacts/dashboard/src/components/ui/menubar.tsx,source,8655,5570efd1bf4f6818bfd2d969edb5f0c36a14d4c1
artifacts/dashboard/src/components/ui/navigation-menu.tsx,source,5150,21de404b31122c9b0846483313352dbb494a7d9d
artifacts/dashboard/src/components/ui/pagination.tsx,source,2772,430f73ee72de222b35ce79be0e6577e41bf28725
artifacts/dashboard/src/components/ui/popover.tsx,source,1351,368b6de387b3a68271212958f8c4d47c56c3f1f6
artifacts/dashboard/src/components/ui/progress.tsx,source,799,7bc898429dad78de6756a947b152419787cb9647
artifacts/dashboard/src/components/ui/radio-group.tsx,source,1421,5bf7d1b871cb390f105213c260dd826224f1f910
artifacts/dashboard/src/components/ui/resizable.tsx,source,1733,d47b54a8982e12cc43363ecc5f7968f3cad84177
artifacts/dashboard/src/components/ui/scroll-area.tsx,source,1650,d82060e60e818dc12ff287a66d4c12e6971ad306
artifacts/dashboard/src/components/ui/select.tsx,source,5773,da7bfbbe395bed8be8ed476a763066713cfba1ef
artifacts/dashboard/src/components/ui/separator.tsx,source,764,7e3ca39bb1d916b5e818287449bc3923d8b37bba
artifacts/dashboard/src/components/ui/sheet.tsx,source,4307,c23771e637989d84e5412c6a709e949a930c167a
artifacts/dashboard/src/components/ui/sidebar.tsx,source,21969,0ebdd8f3c74d99702ad240e21570625e3c18c58d
artifacts/dashboard/src/components/ui/skeleton.tsx,source,269,b30a015799be71c21c185cb77ab64abeb7f2bb97
artifacts/dashboard/src/components/ui/slider.tsx,source,1043,cdb8e3a9ef50d14689c398b33c08e482d6ad5298
artifacts/dashboard/src/components/ui/sonner.tsx,source,902,4c11637a5394a7f388e0c3e15759b8b1c08d4be2
artifacts/dashboard/src/components/ui/spinner.tsx,source,334,4b8e30da5c297fe5e4fa7c402dd1f0eb23b1adaf
artifacts/dashboard/src/components/ui/switch.tsx,source,1155,6144e7ae57af54d8123cbf843dc2842d0648c080
artifacts/dashboard/src/components/ui/table.tsx,source,2881,b7ecab881363cc941f233cb590ca391b64f7f1c4
artifacts/dashboard/src/components/ui/tabs.tsx,source,1890,da02f2ad7d6a13036fb1ae055e5e667b3af4a72f
artifacts/dashboard/src/components/ui/textarea.tsx,source,655,212c68866ff40b6afe895eea20db0a873a559b61
artifacts/dashboard/src/components/ui/toast.tsx,source,4871,d000dc12fc8b232a49051ccff38dd797f2b540cb
artifacts/dashboard/src/components/ui/toaster.tsx,source,777,8a977fca4f5ec599099d7c30907038489760d4e9
artifacts/dashboard/src/components/ui/toggle-group.tsx,source,1767,bd9bfbfda84a28f59beff1eafe29c4c3777edb7c
artifacts/dashboard/src/components/ui/toggle.tsx,source,1494,4fe7fa8db0bfaebf182b3ea0a068786878f3cc5c
artifacts/dashboard/src/components/ui/tooltip.tsx,source,1277,4f99eaf8d5734f899aef9aa5c028daeed70d5fc3
artifacts/dashboard/src/hooks/use-mobile.tsx,source,576,3295dc5f664cfd373e7ae2c5742e330cdd2b3eef
artifacts/dashboard/src/hooks/use-toast.ts,source,3952,76996eb07a1f96aa34b08b70a7b5233c0ecd4299
artifacts/dashboard/src/index.css,source,7601,d7ba7ba2e137ac379ed85ad8a4582de5f7058cd5
artifacts/dashboard/src/lib/clerk.ts,source,2416,1012ac34656503b12ab38dc1e8862df9c29793db
artifacts/dashboard/src/lib/utils.ts,source,169,d0448a8cb10bdafbb9ce00a5cc3cddedb6dd9e47
artifacts/dashboard/src/main.tsx,source,159,c3f0d78f766b047ee68f3b7b35da031f40faeb4c
artifacts/dashboard/src/pages/AiChat.tsx,source,14017,d762c9af53db0819794a9d5dd39ba97e4d6b7093
artifacts/dashboard/src/pages/Dashboard.tsx,source,13902,bdcd4652da9f1eb2f33c5689cad0726add44f1b0
artifacts/dashboard/src/pages/DiscoverProjectWizard.tsx,source,39201,45925e2f07d884002322f00d7a6e150ad14775b4
artifacts/dashboard/src/pages/Events.tsx,source,7448,de44565fd89c9af4b086aa26c7305faca83c393d
artifacts/dashboard/src/pages/Graph.tsx,source,30657,78280768d7c64d7c090af51f6d3adfbdbc136289
artifacts/dashboard/src/pages/Landing.tsx,source,2965,e08f905e47f5be1afe2c5ada41c40c85cc83dfff
artifacts/dashboard/src/pages/Metrics.tsx,source,10463,227e6156991fc1ad0b1f50f574a9f4c41e45566e
artifacts/dashboard/src/pages/ProjectDetail.tsx,source,17228,e2b9d42b83067b93bbca2f73cff0789b7980ba6a
artifacts/dashboard/src/pages/Projects.tsx,source,8101,1c7ded631c514a9199dfcd3401284b7c5f33d68b
artifacts/dashboard/src/pages/Rules.tsx,source,18693,e5e2744ae54f5d32b58d49974e2131680018d29c
artifacts/dashboard/src/pages/SignIn.tsx,source,362,780ee2f437ebd5b072cc1d3241a2016c608e9fcb
artifacts/dashboard/src/pages/SignUp.tsx,source,362,d47be42af51cf26319921b77473d0b55b919311a
artifacts/dashboard/src/pages/Tasks.tsx,source,18709,302ab0bd0250ce2fcd147b534ec97cb59eaf697e
artifacts/dashboard/src/pages/Workflows.tsx,source,21639,415d87e1a10ce7f83c600a11444d1a9d3028cc0e
artifacts/dashboard/src/pages/not-found.tsx,source,971,39dca0ea7c401cca8f6676018ba73241e68806c5
artifacts/dashboard/tsconfig.json,source,520,ef6329e1c9dc92f639c604652ccbdfea9ad4db7c
artifacts/dashboard/vite.config.ts,source,1822,427173ce4839ca79813308856774bb68276025b6
artifacts/mockup-sandbox/.replit-artifact/artifact.toml,source,327,ba13539b71b9732fdea16c4bd6e13f3dc8ad2ad2
artifacts/mockup-sandbox/components.json,source,426,eef9884f31261819295d0d019743f918be61e036
artifacts/mockup-sandbox/index.html,source,4325,e256e9818df678ed4b8cb644e1d5d1272f8e3565
artifacts/mockup-sandbox/mockupPreviewPlugin.ts,source,4639,f7266c539d0332c7d26af933ba55f2746df620d4
artifacts/mockup-sandbox/package.json,source,2515,37c678b9362066c98ea737d8489153058c733a0c
artifacts/mockup-sandbox/src/.generated/mockup-components.ts,generated,171,f16fbff6a97db16c81e4139d7d87f5042d80cb3e
artifacts/mockup-sandbox/src/App.tsx,source,3654,d4c0d874dcc5d41e71e615f832f9a0c6cb075808
artifacts/mockup-sandbox/src/components/ui/accordion.tsx,source,2001,b61320b2eae165fd1e2e8e16d1710822ebadb5e9
artifacts/mockup-sandbox/src/components/ui/alert-dialog.tsx,source,4419,dcd206a88711e2dd24ff30adebdbb122f5c8eeed
artifacts/mockup-sandbox/src/components/ui/alert.tsx,source,1598,764a806c14035871b8f700465c93600c78f64334
artifacts/mockup-sandbox/src/components/ui/aspect-ratio.tsx,source,140,2fe875f854d13ec92e5625aa4705ee7097890d81
artifacts/mockup-sandbox/src/components/ui/avatar.tsx,source,1419,50ceaf0561e1d9967175b0c3ae0f2101b0e578fc
artifacts/mockup-sandbox/src/components/ui/badge.tsx,source,1163,73ccd42e3a4a339746f158de27dfc07db89e915a
artifacts/mockup-sandbox/src/components/ui/breadcrumb.tsx,source,2712,c2c32f50bf5f0138ca9e6bc8cec1ecca3d6c3ce7
artifacts/mockup-sandbox/src/components/ui/button-group.tsx,source,2209,bafee4e6b26225c0b3eadfb595b3a693f0adbe6e
artifacts/mockup-sandbox/src/components/ui/button.tsx,source,1925,29318440b3cb393229bd2300b877cbfd327224f0
artifacts/mockup-sandbox/src/components/ui/calendar.tsx,source,7569,8906b1f6b758ff998d2fafd8e03b83601af510ed
artifacts/mockup-sandbox/src/components/ui/card.tsx,source,1828,c90a853903b78e8954330602b9d97f6f156eda85
artifacts/mockup-sandbox/src/components/ui/carousel.tsx,source,6210,dcd2aab5562e1751b377741c05e5c0b30d78a044
artifacts/mockup-sandbox/src/components/ui/chart.tsx,source,10674,ff118afe7a39f0d002cefec0bbf7c87673fa5aee
artifacts/mockup-sandbox/src/components/ui/checkbox.tsx,source,1031,0b5fffe5256b6b75132d7153b63556776fd115c5
artifacts/mockup-sandbox/src/components/ui/collapsible.tsx,source,329,7693aff25230524cc4aa90d6490c7d1a3388d700
artifacts/mockup-sandbox/src/components/ui/command.tsx,source,4887,4e97aa6cd66c60d689593b7f7c2f3bbf25fffbdd
artifacts/mockup-sandbox/src/components/ui/context-menu.tsx,source,7406,622a6874b5fd72f1c614c2d1a0a474833f1865a2
artifacts/mockup-sandbox/src/components/ui/dialog.tsx,source,3835,336ece8a13e3f24d342908e04ac8b90d7e2f92f8
artifacts/mockup-sandbox/src/components/ui/drawer.tsx,source,3007,fe34067bb4415c8324ad4008e453e4b525cbef80
artifacts/mockup-sandbox/src/components/ui/dropdown-menu.tsx,source,7606,5f93cd9ad2f8029aaadd1568b14afcf183698438
artifacts/mockup-sandbox/src/components/ui/empty.tsx,source,2396,21edbf649d861f24cb259552918cd2f1c22e48fb
artifacts/mockup-sandbox/src/components/ui/field.tsx,source,6044,6fbec36eaad283b891b2f79ceb6284f5c4925b13
artifacts/mockup-sandbox/src/components/ui/form.tsx,source,4175,be5ab9993416527337aa286234fff834d89cbd9f
artifacts/mockup-sandbox/src/components/ui/hover-card.tsx,source,1237,d0896b108836a358b8cc095c9e81e2acf6417df4
artifacts/mockup-sandbox/src/components/ui/input-group.tsx,source,4883,a9fc9b4161aba52f089ad86f482c071423b29801
artifacts/mockup-sandbox/src/components/ui/input-otp.tsx,source,2143,be54c6c41d9b48048476ca957f3b9d92980a62df
artifacts/mockup-sandbox/src/components/ui/input.tsx,source,768,6fcb78d951139d4923eae26c6ae452c51b07ef7a
artifacts/mockup-sandbox/src/components/ui/item.tsx,source,4494,a310e61dc4bffc15f4dab4a6827bb055eb36505a
artifacts/mockup-sandbox/src/components/ui/kbd.tsx,source,862,30666bc621f7ab8cfb58cf0c69b73306cc50e41d
artifacts/mockup-sandbox/src/components/ui/label.tsx,source,724,c40f1bfdae352eab497210cedf32d113c0855143
artifacts/mockup-sandbox/src/components/ui/menubar.tsx,source,8608,79da56d0d21bee1da5ea5889f95d4b6a189a7e9c
artifacts/mockup-sandbox/src/components/ui/navigation-menu.tsx,source,5124,0446ce40a74d83fb6bbd10c80508ebcc6d75777c
artifacts/mockup-sandbox/src/components/ui/pagination.tsx,source,2751,ff336bcb0866667215ea48d0e7ce071e6f1d072f
artifacts/mockup-sandbox/src/components/ui/popover.tsx,source,1342,948135d04e045c05d0f0206761c35e9db6e7fb42
artifacts/mockup-sandbox/src/components/ui/progress.tsx,source,792,68a11c1d696e994fcbbee9a077bfe9a2a2a87638
artifacts/mockup-sandbox/src/components/ui/radio-group.tsx,source,1410,c7b745b7c6a809d8908580ec239387d1f50cc01f
artifacts/mockup-sandbox/src/components/ui/resizable.tsx,source,1723,3fee2768ba56dc432625c1e0ab9e207927a6fce3
artifacts/mockup-sandbox/src/components/ui/scroll-area.tsx,source,1642,07ca1c0102f09b8a23cf8ea9d8f02a5df797bb73
artifacts/mockup-sandbox/src/components/ui/select.tsx,source,5745,a68ac4f6e334f7c6f775a14c186f4391077c1f9e
artifacts/mockup-sandbox/src/components/ui/separator.tsx,source,756,443bca0122d1a88c605f25c3005df6a161409122
artifacts/mockup-sandbox/src/components/ui/sheet.tsx,source,4280,a36fce240f97b1fff2da95c0fccbbf22668086fe
artifacts/mockup-sandbox/src/components/ui/sidebar.tsx,source,21056,0573146dc01afd3c623c51affb6b6fac7d8a4c08
artifacts/mockup-sandbox/src/components/ui/skeleton.tsx,source,266,d52cc952f6302b5b693ca1b5e0fbfceb7aaf4faf
artifacts/mockup-sandbox/src/components/ui/slider.tsx,source,1037,5225477ea7d2ae54b2fc74c8653957dae92cb509
artifacts/mockup-sandbox/src/components/ui/sonner.tsx,source,894,1e8b596ee441736be19af3b91e9bfc4452918b18
artifacts/mockup-sandbox/src/components/ui/spinner.tsx,source,331,698020d2553ad0b4d840e98d117d5007fd4f1aad
artifacts/mockup-sandbox/src/components/ui/switch.tsx,source,1148,826a94e2980f3dca9103ea737d66d8ab85e4877c
artifacts/mockup-sandbox/src/components/ui/table.tsx,source,2859,336ae2ef4a3168b284e1b6bf098b759de84226b2
artifacts/mockup-sandbox/src/components/ui/tabs.tsx,source,1877,0d850f8c3ddae637bbc50e488f4c0f678c23078f
artifacts/mockup-sandbox/src/components/ui/textarea.tsx,source,649,0f6ede6e3460545d0f5cdf7a3d0c5f7d465f28fd
artifacts/mockup-sandbox/src/components/ui/toast.tsx,source,4845,118262f563821b375e418331ccae58ce1f71d800
artifacts/mockup-sandbox/src/components/ui/toaster.tsx,source,772,b88f5fc529be7033b9c6b1f7e1e126ac47b640a4
artifacts/mockup-sandbox/src/components/ui/toggle-group.tsx,source,1753,94dc04165db18906531da06d509b10353b78917d
artifacts/mockup-sandbox/src/components/ui/toggle.tsx,source,1486,6286d648be2f3d98bf7cabf46995f7d4ab78ba7b
artifacts/mockup-sandbox/src/components/ui/tooltip.tsx,source,1267,f2c006c1f570e7b2af5d676f393362c7289bc06b
artifacts/mockup-sandbox/src/hooks/use-mobile.tsx,source,565,cdb9aae9ca8d354d767e8da4731ff7eb4a16d532
artifacts/mockup-sandbox/src/hooks/use-toast.ts,source,3767,910698b372b25c83600279990a2dc673a39a5ded
artifacts/mockup-sandbox/src/index.css,source,5760,8d8789b4146804111e9089bc31bd852811ff61c4
artifacts/mockup-sandbox/src/lib/utils.ts,source,166,03edf7b44c7cf1d3f48be4f72866007dbb63b8c6
artifacts/mockup-sandbox/src/main.tsx,source,157,f1f4586bc997c74cce4dac9e4fe1424f910b3276
artifacts/mockup-sandbox/tsconfig.json,source,513,6fe27bb895d5686f14081c4f834a93a091ab455d
artifacts/mockup-sandbox/vite.config.ts,source,1592,1811614d74fded755e0dab6806027385fcd6da29
attached_assets/EngineeringOS_Audit_Report_1783641389270.md,evidence,14716,f41596d5c2f932812b45dc245126dead4c2f387d
attached_assets/EngineeringOS_Audit_Report_Expanded_1783642792349.md,evidence,17381,a68f9cf13ab04b9db4c71930f58bac9680502810
attached_assets/EngineeringOS_Combined_Deep_Analysis_(1)_1783706911895.md,evidence,13363,c63c98c1fbd3e3efb69b890b00806720a068e59e
attached_assets/EngineeringOS_Execution_Plan_1783831261195.pdf,evidence,104811,2f0092cce241c15afe6e588a5cd186344a1d8a27
attached_assets/EngineeringOS_Executive_Build_Directive_v1_1783912619169.md,evidence,11583,686e873f67e17b819780c09b6bedb233ac41f820
attached_assets/EngineeringOS_File_Inventory_Complete(1)_1783706911845.md,evidence,16789,70ee1406f1497fe4e944375ed446b342705751f9
attached_assets/EngineeringOS_File_by_File_Fact_Record_1783725698283.md,evidence,91708,a106676427be5e8097c6ec241c56634fd5d88d9a
attached_assets/EngineeringOS_Implementation_Document_1783726156016.md,evidence,24261,0f606343d02f9929f0d1a511328e56c79bd9f080
attached_assets/EngineeringOS_Plan_1783818095882.pdf,evidence,81293,811704ed72ef002911ce56b875ae9ad2dec1b94f
attached_assets/EngineeringOS_Project_1783718452179.pdf,evidence,53834,c7bdcbee255e8f3316205d4903bf68b0425deb41
attached_assets/EngineeringOS_deep_analysis_report_1783800987828.md,evidence,14614,d4031f2a5d84258865a164192493e31eca3b2690
attached_assets/EngineeringOS_file_inventory_(1)_1783729892809.csv,evidence,38456,ab791c00d4d8408e51e7e1d652e01c013254f86d
attached_assets/EngineeringOS_file_inventory_full(2)_1783988496247.csv,evidence,55061,66ca00659ccafd7e2c571ba8d2301eecf7217a95
attached_assets/EngineeringOS_file_inventory_full_1783800987783.csv,evidence,28551,964a36f7da329980ce527f8e99314f82249fc390
attached_assets/EngineeringOS_full_analysis_report_1783988496190.md,evidence,8762,080d1ae7ae726e3b36b44c2a6b0e44a75550933e
attached_assets/EngineeringOS_minimum_path_to_vision_(1)_1783830867380.md,evidence,15261,dcea9775c009b14b726ef93119d79a75394a90ef
attached_assets/EngineeringOS_minimum_path_to_vision_1783830816710.md,evidence,15261,dcea9775c009b14b726ef93119d79a75394a90ef
attached_assets/EngineeringOS_operational_status_record_1783912104506.md,evidence,5354,680ec0954e20826668f5e33d93f06c524abf49dc
attached_assets/EngineeringOS_project_analysis_report(1)_1783729892769.md,evidence,13022,5110352bce8d33f1e597778e2c1944dab6a2b41b
attached_assets/EngineeringOS_provenance_registry_linked_1783911530593.json,evidence,422336,eaca1bf7bbe70cf6c3c32340f1a5d6f730c1d2f1
attached_assets/EngineeringOS_provenance_registry_seed_1783911530658.json,evidence,248584,8e42fea11ebe1e9885402e08fbd6d0b95fef998a
attached_assets/EngineeringOS_replit_execution_directive_1783800987701.json,evidence,11716,841ccf0dfbba24b9250e509e84f8f41024d93566
attached_assets/EngineeringOS_replit_execution_directive_1783800987743.md,evidence,11867,b4db08f21a8ea0a692c22fc2ca7b6027b73fe3ca
attached_assets/EngineeringOS_series14_truth_matrix_1783966531635.md,evidence,13771,411c20cd0a4045293d688e4153957122fe8b2488
attached_assets/EngineeringOS_series15_deep_evidence_1783966531578.md,evidence,13524,087d36fd673de8e39c846608e0ac456b47bc6f1a
attached_assets/EngineeringOS_series16_truth_matrix_(1)_1783966531512.md,evidence,12532,0fb54bf0a84881182520b8c3c3cebfd564aabd65
attached_assets/EngineeringOS_series17_deep_analysis_1783966531444.md,evidence,13745,269961fe4de849aa92b6fe6d69e25da33c10e83c
attached_assets/EngineeringOS_series18_status_register_(1)_1783966531375.md,evidence,9763,4611c748bf98b45b9e8514c53518904f406367db
attached_assets/EngineeringOS_series19_control_plane_evidence_1783966531303.md,evidence,14100,3826fae53d4ca830815e7695173fabbe11aa3ce4
attached_assets/EngineeringOS_series20_status_register_1783966531239.md,evidence,13761,879ebf1e5a393f7e2ca459d886d51da4b28f0d21
attached_assets/EngineeringOS_series21_deep_status_1783966531177.md,evidence,11759,3fd629dfadc558c238a963b030073c0ff98c83e7
attached_assets/EngineeringOS_series22_second_wave_analysis_1783966531113.md,evidence,7779,9edd8b840df41b58492691649af42f66b3392ef0
attached_assets/EngineeringOS_series23_self_verifying_architecture_1783966531049.md,evidence,10473,a194cb4730af7fbdc6a27f3470d3dcd2d09b0618
attached_assets/EngineeringOS_series24_deep_evidence_1783966530990.md,evidence,9605,222d83292c5a95c25db50ec4d0714bd70a81d78d
attached_assets/EngineeringOS_series25_truth_register_1783966530939.md,evidence,11680,5560b9da8478a41d3235d5a55fa1bb3d26101cb8
attached_assets/EngineeringOS_series26_boundary_analysis_1783966530884.md,evidence,12996,57542dfc1c6fff297a9b30aca5419af9d2e8c048
attached_assets/EngineeringOS_series27_failure_semantics_1783966530824.md,evidence,13504,b88d2c8b965181289ebb515cd4fff10688a4df4c
attached_assets/EngineeringOS_series28_traceability_mesh_1783966530766.md,evidence,13996,c4137bc412816b35707280134783ab309e5c5855
attached_assets/EngineeringOS_series29_trust_boundary_register_1783966530702.md,evidence,9234,6535b2f214b9ef59979b15a5b6abd6688e978627
attached_assets/EngineeringOS_series30_release_handoff_audit_1783966530642.md,evidence,9762,e3429488ccae744ceb3eac534d0b07069b254782
attached_assets/EngineeringOS_series31_release_handoff_audit_1783966530586.md,evidence,17069,d7c2c027308775e73d49d8ab7af6b667d5f6a634
attached_assets/EngineeringOS_series32_phase_conformance_audit_1783966530537.md,evidence,13126,01a3ae219a956ea740d662ec05d1e05510b3b775
attached_assets/EngineeringOS_series33_provenance_authority_graph_1783966530470.md,evidence,9276,394602e91e59d8f6326b49fa372f63222b7a831f
attached_assets/EngineeringOS_status_record_(1)_1783980758791.md,evidence,10832,ca8d89ef8c99e7116fde1d933714e41e228c6aec
attached_assets/EngineeringOS_status_register_(1)_1783818095824.md,evidence,47392,e0db4cecbddf5971a89d64667663b8adce6f6522
attached_assets/EngineeringOS_status_register_final_1783902107873.md,evidence,13170,422104ee54b85568c0067d9a15f70def44a8c567
attached_assets/EngineeringOS_task_backlog_1783800987875.json,evidence,5563,97d8d9147708eb11f701c7b753c5da1d41f8088f
attached_assets/EngineeringOS_truth_register_current_1783825680736.md,evidence,33405,043c9498e21e1d72f099818837d4653f5aff6e76
attached_assets/Engineering_Os_Fact_Record_1783718570175.pdf,evidence,104719,e55e19f80a4b172609e09769bd29ef0d9faf815c
attached_assets/Engineering_Os_Phased_Completion_Plan_(1)_1783718452123.pdf,evidence,77805,395ea343f6ea0c8d6202c05e3020084a961c17a7
attached_assets/Engineering_Os_Phased_Completion_Plan_1783718452216.pdf,evidence,77807,51e3a03cc1e76df8a433451a21f50da1f5e8171e
attached_assets/Pasted---1783906604381_1783906604385.txt,evidence,15317,79b17d8fb89b867d8e5fa3e95e641aa239972682
attached_assets/Pasted---1783956390496_1783956390501.txt,evidence,10819,3c3d0448e2ece16958c097a7cb04dc0982fa8a7e
attached_assets/Pasted--Backlog-Execution-Backlog-v1-0--1783975284276_1783975284279.txt,evidence,9560,11a612aa0c5c3c905e6a1ca3f8d9991e8b7ad47f
attached_assets/Pasted--Discovery-Layer--1783988471815_1783988471818.txt,evidence,6388,0ca47dd7f47946cf602c1d80b1117ea612532050
attached_assets/Pasted--EngineeringOS-Autonomous-Project-Discovery-Onboarding-_1783565505918.txt,evidence,6622,3c479621059c271485bea282781398370b706ed2
attached_assets/Pasted--EngineeringOS-Autonomous-Project-Discovery-Onboarding-_1783566150077.txt,evidence,6622,3c479621059c271485bea282781398370b706ed2
attached_assets/Pasted--PR-discovery-ts-PR-1-Discovery--1783996178319_1783996178325.txt,evidence,10274,7cadd8189bc16f36afab91cf38e7531406326dc2
attached_assets/Pasted--PR-lib-ai-orchestrator-PR-1-Prompt-Templates--17839939_1783993953832.txt,evidence,4754,fea1cdf0bccca6f5d18bd7a39d6da90a7cfd80f3
attached_assets/Pasted--PR-lib-ai-orchestrator-PR-1-Prompt-Templates--17839939_1783993967887.txt,evidence,4754,fea1cdf0bccca6f5d18bd7a39d6da90a7cfd80f3
attached_assets/Pasted--PR-lib-ai-orchestrator-PR-1-Prompt-Templates--17839950_1783995013203.txt,evidence,4754,fea1cdf0bccca6f5d18bd7a39d6da90a7cfd80f3
attached_assets/Pasted--Plan-3-Sync-fact-record-architecture-docs-3-Sync-Fact-_1783733496072.txt,evidence,17691,3398ca15c65b10ade8ec223da7c1bda1ec3b51f3
attached_assets/Pasted--Plan-3-Sync-fact-record-architecture-docs-3-Sync-Fact-_1783790285219.txt,evidence,17691,3398ca15c65b10ade8ec223da7c1bda1ec3b51f3
attached_assets/Pasted--artifacts-api-server-src-routes-discovery-ts--17839967_1783996711676.txt,evidence,10600,3874a9c612ad33498a3294af7a9422db2b9a4053
attached_assets/Pasted--artifacts-api-server-src-routes-discovery-ts--17839967_1783997082105.txt,evidence,10600,3874a9c612ad33498a3294af7a9422db2b9a4053
attached_assets/Pasted--lib-ai-orchestrator--1783993997216_1783993997218.txt,evidence,8527,81a7dbce9baaadb9c70a47cc3f2998c1ca49ce06
attached_assets/Pasted--onboarding-o-1783988399961_1783988399964.txt,evidence,4676,f483bcfa0c15ff07eebf8b9a4118aedaca15fb32
attached_assets/Pasted-7-Upgrade-Dashboard-to-Operational-UI-What-Why-Current-_1783734748019.txt,evidence,2796,c469f4b0420525e665ae7638d1c523332fd89445
attached_assets/Pasted-7-Upgrade-Dashboard-to-Operational-UI-What-Why-Current-_1783798897613.txt,evidence,2795,b36106c70cb1a65d7835c58d0fc5f43b7b8b1164
attached_assets/Pasted-Plan-6-Deepen-graph-scanner-discovery-6-Deepen-Graph-Sc_1783734658300.txt,evidence,2633,2284e5feccc13a7fbc7ea140239f8a5cf989e567
attached_assets/Screenshot_٢٠٢٦٠٧٠٩-٠٦١٦٢٥_1783567039006.png,evidence,98945,3cf21e2ec4233741bf663c15d777b319af53f42a
attached_assets/Screenshot_٢٠٢٦٠٧٠٩-٠٦٢٠٣٨_1783610776566.png,evidence,100944,70381caef554ef7c691f34e0b10f1f93a0b22e5b
attached_assets/Screenshot_٢٠٢٦٠٧١٣-٠٣٥٣١٨_1783904118069.png,evidence,86583,8e683551a7b91efb5809ab0f4d1111674cf557b2
attached_assets/Screenshot_٢٠٢٦٠٧١٣-٠٤٠٥١١_1783904724118.png,evidence,135875,fdcca5865f4ce7387bc564e6437dfe89f2df86eb
attached_assets/Screenshot_٢٠٢٦٠٧١٣-٠٤٤٤٢٨_1783907108840.png,evidence,77223,c48ece802206cb2f4b11ccfece73771303592aa4
attached_assets/Screenshot_٢٠٢٦٠٧١٣-٠٥٠١٣٨_1783908128704.png,evidence,63973,d94b7430ede313f1e1d7f8002f5e442ecd739802
attached_assets/Screenshot_٢٠٢٦٠٧١٣-٠٥١٤٥٤_1783908924873.png,evidence,77952,cccc1fb66b4a0dd4b5efae0c6095ff9b3c21171d
attached_assets/Screenshot_٢٠٢٦٠٧١٣-٠٥١٩٤٨_1783909201747.png,evidence,72233,71c0f6576b55ce50726fc857be96d53b30cc1b52
attached_assets/agents_(1)_1783564013722.zip,evidence,256,798549529112c4440a509eac85e3a741c0d76294
attached_assets/ai_orchestrator_deep_dive_(1)_1783994021466.md,evidence,10648,9e0fdd38a01831d70e58ecdb3d82cd9f87f3a154
attached_assets/artifacts_(7)_(1)_1783564013761.zip,evidence,1668739,41f732a28cb554f8e9f72234eeadc01ec0ca44a0
attached_assets/git_(2)_1783564013691.zip,evidence,134,51159281dc555f1d3a22c3eff73e5a78a35aaf52
attached_assets/gitattributes_1783564013915.txt,evidence,92,3304bcbd1affcc0551f8ac0394ee27faed4cf3b4
attached_assets/gitignore_(1)_1783564013965.txt,evidence,668,cf29a0a748abf0b11d3122bc690bb145b6a0b7cc
attached_assets/lib_(7)_(1)_1783564013810.zip,evidence,219450,3f0639408829a135dc939277d25695ea902c3e15
attached_assets/node_modules_(2)_1783564014266.zip,evidence,22,b04f3ee8f5e43fa3b162981b50bb72fe1acabb33
attached_assets/npmrc_(2)_1783564014024.txt,evidence,56,ac9499fcb34746c49cf8a8f71e73ef117cd4061c
attached_assets/package_(1)_(7)_1783564014328.json,evidence,649,5482bbb2ea4a55f582d153b88495e93311882437
attached_assets/pnpm-lock.yaml_(3)_1783564014392.txt,evidence,210264,c65350a97314c2bd73e2d8dc6ba367280a370818
attached_assets/pnpm-workspace.yaml_(3)_1783564014449.txt,evidence,6579,768d461f8a2107a2a3b7c9fdaa71ed192a7d716b
attached_assets/replit_(13)_1783564014085.md,evidence,1521,8e6f5a0daad59c81c94ee5c8f6f23b1669553156
attached_assets/replit_(2)_1783564014509.txt,evidence,372,76dc111fc965c5194660199caa435a900c3e6e10
attached_assets/replitignore_1783564014569.txt,evidence,201,63d052aa3beee3776f771285b0ef54e8e0918f1a
attached_assets/scripts_(8)_1783564013865.zip,evidence,11642,7b8a1e6ca0ac761b93c40069e272d268c364bb1c
attached_assets/tsconfig.base_(2)_(1)_1783564014142.json,evidence,692,fc5b4284b920ed6bbe5ca23bfe1c195ebb662715
attached_assets/tsconfig_(7)_1783564014202.json,evidence,279,2320927292e5d30009d2977de899bbce0626ea6a
attached_assets/تحليل_EngineeringOS_1783804577785.docx,evidence,20978,cb6a2706d758be7b9769b6646891602a9df2b94a
attached_assets/خطة_العمل_التنفيذية_لمشروع_EngineeringOS_1783729892699.docx,evidence,18423,ce67bb1fcfe7986b5045c864f93be05d6fc8c8a2
docs/completion-plan.md,docs,44939,389a4159794910691a930bbf63237c9554e1d947
docs/fact-record.md,docs,131147,729dba8a760763eb3f99c44b872c935591e7d0fa
lib/ai-orchestrator/package.json,source,530,a754b658d727b5cd1f76c82bc7f89fd1225e51da
lib/ai-orchestrator/src/__tests__/groq-client.test.ts,test,3728,ae93816df2a2e50d8fca10d4b9d1d7120d297f9f
lib/ai-orchestrator/src/__tests__/parsing.test.ts,test,3872,c49dd9eb45c83ab63f5ca5c0a4421bae6b1f8cdb
lib/ai-orchestrator/src/__tests__/schemas.test.ts,test,2839,06420915f6601f08e329b7ef3946788dae6b8e5b
lib/ai-orchestrator/src/__tests__/workflow-orchestrator.test.ts,test,3885,611db8ea54eb6808d6c6673951899dbbd80036e6
lib/ai-orchestrator/src/agents/chat-agent.ts,source,1524,0435d1e8e6b1e7a326b04068565b7d8f6477a842
lib/ai-orchestrator/src/agents/code-reviewer.ts,source,1490,0116b550bbb54ff1e70ca48ca899b5c1bb5b0430
lib/ai-orchestrator/src/agents/scan-analyst.ts,source,1522,88f4a9abd4adc03b58ed770bfa4e6d348d49ab7e
lib/ai-orchestrator/src/agents/task-agent.ts,source,1660,7ddeed04228f9c53807b8e5cde788760e95d058b
lib/ai-orchestrator/src/agents/workflow-orchestrator.ts,source,5322,38855290512db3a1572ce118bcdb1d59fd111d22
lib/ai-orchestrator/src/context-builder.ts,source,2978,da25c03f0bec2a0351d581a92d7ad107976e3406
lib/ai-orchestrator/src/errors.ts,source,1131,44a6363489ea4fe74c6a12c7c470752f1d2ee397
lib/ai-orchestrator/src/groq-client.ts,source,5735,cacf0793028e2b53342f8ccf0e13df310dc1693b
lib/ai-orchestrator/src/index.ts,source,1094,a9eeb4c3cc2518cc7fe936bb848c11f09be98e9b
lib/ai-orchestrator/src/parsing.ts,source,3263,6d7c928670305ad68933fb5593df37577af48d26
lib/ai-orchestrator/src/prompts/chat.prompt.ts,source,1310,fae76af6ed57aa73988de960bcf4993988945ef8
lib/ai-orchestrator/src/prompts/index.ts,source,424,2a3e2b2e9c2618d32f3747fd0375a4e6cf776de1
lib/ai-orchestrator/src/prompts/review.prompt.ts,source,1662,0cbaa198750c036f73b4040aee2ca197c31e6217
lib/ai-orchestrator/src/prompts/scan.prompt.ts,source,1319,1b342bd48376e41bcc574ee79e73329f599eb6b7
lib/ai-orchestrator/src/prompts/task.prompt.ts,source,1455,55b08ce6273519673dea12f3ea707b75875b1ead
lib/ai-orchestrator/src/prompts/workflow.prompt.ts,source,1896,3fe03f891f1afd8dcbcb6abdbb8a98a0c22c697c
lib/ai-orchestrator/src/schemas/chat.schema.ts,source,212,ad2b6127589bcca4bd90b410967c7032d589c2ed
lib/ai-orchestrator/src/schemas/code-review.schema.ts,source,940,c7d6570ed008c305d2676d6cf1fc060eb4235134
lib/ai-orchestrator/src/schemas/context.schema.ts,source,357,c0b9f23f484ae86aca7354f890b6196f6463df4d
lib/ai-orchestrator/src/schemas/index.ts,source,886,96e021a958b54319fdb79b31e024a842296504e8
lib/ai-orchestrator/src/schemas/scan.schema.ts,source,682,cade8b75e8b7678f2ff5dcb6af4107eb1f205f42
lib/ai-orchestrator/src/schemas/task.schema.ts,source,337,819828b1065a231b36771f02de455d26b5acd63f
lib/ai-orchestrator/src/schemas/workflow.schema.ts,source,697,3dffc97d69be9fbbd99fb3cc49ff911a8f205d19
lib/ai-orchestrator/tsconfig.json,source,298,1a4ce2e5b793cef25136ddfb9190e7cae9135b21
lib/ai-orchestrator/vitest.config.ts,source,304,c73fb30bda52d84abb05cf9efe4459cb1119d567
lib/api-client-react/package.json,source,265,07745aa59becc45a51f3ce0944ba538f0408f0dc
lib/api-client-react/src/custom-fetch.ts,source,11377,2c6ce8801253ea9506ba8f65205908cf8136d8aa
lib/api-client-react/src/generated/api.schemas.ts,generated,20771,92781b8bba41e13b9b95cc910945695590278a8d
lib/api-client-react/src/generated/api.ts,generated,134138,ab489881057c79e5725a7150f11fbbd9cb527bca
lib/api-client-react/src/index.ts,source,268,8b88ae8c8d8cceea97a44887db683f8de7f243e1
lib/api-client-react/tsconfig.json,source,251,acbef360b2363dea3fe75a41ceebea109897cd98
lib/api-spec/openapi.yaml,source,67601,4749bd6e7353bbfd2568a2d0b955eaff8a820821
lib/api-spec/orval.config.ts,source,1959,5e10efa107dc3ac50a6ad922c275f97b8da2ce71
lib/api-spec/package.json,source,307,e374ccb51534630000bf3e3d01be939f34dd6bc4
lib/api-zod/package.json,source,189,3deacb134fe5214492bc212555756eba7c58891e
lib/api-zod/src/generated/api.ts,generated,55138,b0ffd3847a4f65b87828efc5dd9a60bbb63db49d
lib/api-zod/src/generated/types/aiChatMessage.ts,generated,389,0e07e6cdc1dd43a210e126d0059a708ce7065857
lib/api-zod/src/generated/types/aiChatMessageRole.ts,generated,366,87caea2f3e7709641130199b1784ac9aaf22e5c9
lib/api-zod/src/generated/types/aiChatOutput.ts,generated,321,d4e7935cd6bf3c97015729723040c63899278141
lib/api-zod/src/generated/types/aiChatRequest.ts,generated,262,3c57be32dcc61246e975fed905be995002e07a74
lib/api-zod/src/generated/types/aiChatSession.ts,generated,290,207cb7304077aba138a90a2feaec0f0fccbec971
lib/api-zod/src/generated/types/aiCodeIssue.ts,generated,466,d6f23a46af188c765f30b312d8e7ed6929960d55
lib/api-zod/src/generated/types/aiCodeIssueSeverity.ts,generated,386,d2d0a9dc6fceb8dcae7dd92c0df204f37ed2908d
lib/api-zod/src/generated/types/aiCodeIssueType.ts,generated,414,c9252c49f902b789c318b95a02360dbb0973284a
lib/api-zod/src/generated/types/aiCodeReview.ts,generated,506,dbe91a13a04cd1f5ee657003ad74831acd60fe6a
lib/api-zod/src/generated/types/aiCodeReviewVerdict.ts,generated,402,889348b829abe437e284d9f536694273cceb6f6a
lib/api-zod/src/generated/types/aiOrchestrateRequest.ts,generated,237,ed4a30ad1a0bad8934f41e5d6adcf80859927570
lib/api-zod/src/generated/types/aiOrchestrationDecision.ts,generated,436,d604841f7c6e524da866dce3cd270a9297dae8c7
lib/api-zod/src/generated/types/aiOrchestrationDecisionAction.ts,generated,430,c0f15fdb324d44f59aad63e9201e4623b49fa95d
lib/api-zod/src/generated/types/aiReviewRequest.ts,generated,330,a1efdf1cbaca145ca2fc8a1a2adbc54ca7eeda5d
lib/api-zod/src/generated/types/aiReviewRequestFileContents.ts,generated,232,0b806d31e4fc2e798af0bf10b5c35949d5edb87d
lib/api-zod/src/generated/types/aiScanAnalysis.ts,generated,382,9417f9cb7d3e43a4432121623d8d877341cc084f
lib/api-zod/src/generated/types/aiScanInsight.ts,generated,476,1f8735a4a11148b10ddb0e4240a9140f9f838273
lib/api-zod/src/generated/types/aiScanInsightCategory.ts,generated,474,4642a7611a35ab06bef3ca961c0c718cc0930802
lib/api-zod/src/generated/types/aiScanInsightSeverity.ts,generated,394,897a0dc60dfb492059aa949d9bc9fed4b4387c18
lib/api-zod/src/generated/types/createProjectInput.ts,generated,307,6535bfc7370ef7fded6117caf5036847c3160391
lib/api-zod/src/generated/types/createRuleInput.ts,generated,432,093e0ec6e990c3ff247ec9719505821e8748bfb6
lib/api-zod/src/generated/types/createTaskInput.ts,generated,453,fd586e5e62f62721e7a2b4c0ab707d288aab7159
lib/api-zod/src/generated/types/createWorkflowInput.ts,generated,348,fe868b76e20525b3020cba9894af37b32adfbaf2
lib/api-zod/src/generated/types/dashboardOverview.ts,generated,820,bede58fd6b64cde81a1b16bb331301c31c202c9a
lib/api-zod/src/generated/types/dashboardOverviewProjectScoresItem.ts,generated,436,f325b370bf956e2f6f17a081690bbd883254a401
lib/api-zod/src/generated/types/dashboardOverviewProjectScoresItemTrend.ts,generated,464,261747e31d2e1e3f325a2c890b89195d2937639b
lib/api-zod/src/generated/types/dashboardOverviewTaskStatusBreakdown.ts,generated,241,707b9da8cac0d0bfa3e74a9ddd9151e857d935cb
lib/api-zod/src/generated/types/dashboardOverviewTopRulesItem.ts,generated,285,64a2beb710882b88c490495ec704b476ef2ad94b
lib/api-zod/src/generated/types/discoveryGraphSummaryData.ts,generated,598,9c1b4ad42123db8213d5e13c30cc311af2d033c8
lib/api-zod/src/generated/types/discoveryGraphSummaryDataEntitiesByType.ts,generated,244,a07433a3d745e095b2099908c59d504c3ee97d97
lib/api-zod/src/generated/types/discoveryGraphSummaryDataFilesByLanguage.ts,generated,245,dcff530ba8b8bd998cdfa85bc318e98654347648
lib/api-zod/src/generated/types/discoveryOptions.ts,generated,296,c4c9d28ca67abc0376d07212c8bee3d22b4433fb
lib/api-zod/src/generated/types/discoveryReport.ts,generated,1286,ee2eeb5af3bd292e6a055c5b505c72478e6c7f07
lib/api-zod/src/generated/types/discoveryRuleViolationItem.ts,generated,283,c48a99be89645288b5aa2bc7b4175304bc6ee6a4
lib/api-zod/src/generated/types/discoverySessionStatus.ts,generated,676,805950d01b3e2fd64c0278845f117fc7bd5a5534
lib/api-zod/src/generated/types/discoverySessionStatusStatus.ts,generated,438,a68f3c2bd5d567383398569b77baa1a3b9ac79ec
lib/api-zod/src/generated/types/discoverySourceCapability.ts,generated,412,47539c23eebad69c1688f2760aaf636a8f2bfd3a
lib/api-zod/src/generated/types/discoverySourceConfig.ts,generated,909,dc067bfca45682e773a51fcb3260445d94e57323
lib/api-zod/src/generated/types/discoveryStepItem.ts,generated,378,16021f0913dccec6ba64b722dd15b06498c6c85d
lib/api-zod/src/generated/types/discoveryStepItemStatus.ts,generated,406,5713747430e0a4e21f102a365a9649eff571cf92
lib/api-zod/src/generated/types/entityType.ts,generated,418,6280c77911159b01b9b67cf65ca3c2acda58f147
lib/api-zod/src/generated/types/evaluateRuleRequest.ts,generated,227,604913e5919e8f7a0d57a674c50e061375e63c36
lib/api-zod/src/generated/types/event.ts,generated,714,aa16cf84ea23920b2b3812594a426fcb1ae68654
lib/api-zod/src/generated/types/eventPayload.ts,generated,220,037cede08ff332012e0b0e93942dc38bb33175d0
lib/api-zod/src/generated/types/eventSeverity.ts,generated,366,232d6852b88a63c946a9c73b6f7760a95ef2425b
lib/api-zod/src/generated/types/failWorkflowPhaseInput.ts,generated,227,3f6c6aaf0b9f76f4b2d7ac661fafa0c8d5e7b8bd
lib/api-zod/src/generated/types/getGraphEntityImpact404.ts,generated,225,173eb9902888475fb6c3dcc431b2570b86d87a0f
lib/api-zod/src/generated/types/getGraphEntityImpactParams.ts,generated,284,f631c2ace9e4f4bffb7045ebaf1c29f08abad26c
lib/api-zod/src/generated/types/getGraphEntityNeighbors200.ts,generated,440,1298c2ce0df5b9d283cfc880b46c8bd7d5541d56
lib/api-zod/src/generated/types/getGraphEntityNeighbors404.ts,generated,228,1eb3b72cef130a262b55e450880e1355b7a0b905
lib/api-zod/src/generated/types/getGraphPathParams.ts,generated,288,6c92fcd4e9d89614965532524407f2a88c62d7f4
lib/api-zod/src/generated/types/getLatestMetricsParams.ts,generated,227,3aea5cd257c7720c635c3f062b0aa849ef3879e8
lib/api-zod/src/generated/types/graphCentralityScore.ts,generated,335,a48eb7abb17b959aebad9d104afe9c1eecc60e81
lib/api-zod/src/generated/types/graphEntity.ts,generated,621,dd9e9c749005182de408a683171021f86b895823
lib/api-zod/src/generated/types/graphEntityMetadata.ts,generated,227,3f969f19a969ce7607e526933edcfea915654da1
lib/api-zod/src/generated/types/graphImpactHop.ts,generated,435,07a3e457810654aa453d572b1e7ec41b8c78a265
lib/api-zod/src/generated/types/graphImpactResult.ts,generated,388,077067f8b92be481b0fd25dd3c45ef7ac124bd2c
lib/api-zod/src/generated/types/graphPathResult.ts,generated,319,9d7b86f26351462da8dacc6f2fcae51bc795ea91
lib/api-zod/src/generated/types/graphPathStep.ts,generated,371,e2f5c1aee8a7b92e433802306d4a531e934fd047
lib/api-zod/src/generated/types/graphProvenance.ts,generated,437,86dbb0972c66fc2dae221bf259fd3ed33f63e931
lib/api-zod/src/generated/types/graphRelationship.ts,generated,743,50439dc6476de46ab53124a009342d2eeaa0662a
lib/api-zod/src/generated/types/graphRelationshipMetadata.ts,generated,233,6205681d632ef93bf628e7a0c5ff318c5a7cfd33
lib/api-zod/src/generated/types/graphSummary.ts,generated,706,78325df76456dbebcd007899849add7336540ca7
lib/api-zod/src/generated/types/graphSummaryEntitiesByType.ts,generated,231,66133161bddcbfa5ae0ccc003a1e53409e876394
lib/api-zod/src/generated/types/graphSummaryRelationsByType.ts,generated,232,4460f13d2b0663098cdb3ea80da4a8fe70c772a2
lib/api-zod/src/generated/types/healthStatus.ts,generated,293,800bcc73f74fe5510e8131079c5cc0b906658c72
lib/api-zod/src/generated/types/healthStatusStatus.ts,generated,320,10344ac806fc351baccaf74b8771feab452c26cf
lib/api-zod/src/generated/types/importProjectInput.ts,generated,353,3208c3b90d74f0001904e9fd5c0795067e21b5aa
lib/api-zod/src/generated/types/importProjectInputOverrides.ts,generated,296,255ed24d1b394818d1592e533efb815b3ac21713
lib/api-zod/src/generated/types/index.ts,generated,4457,7c01bb645967a24247cdcdfdedb2fb256f9811e6
lib/api-zod/src/generated/types/listAiChatSessionsParams.ts,generated,228,4066f79d4cb6f579c87bc5fdd0b51c8ae7b23743
lib/api-zod/src/generated/types/listEventsParams.ts,generated,342,16f97cb26803c2f07260495f0932cd7ba8db5c23
lib/api-zod/src/generated/types/listGraphEntitiesParams.ts,generated,295,54af4953f5d80922117b77f69f95ea9b4c720986
lib/api-zod/src/generated/types/listGraphRelationshipsParams.ts,generated,252,06b3d030979c6dbe4fe69643529fd20742f2432a
lib/api-zod/src/generated/types/listMetricsParams.ts,generated,245,8715945f15dd50003927910495cb43ee3d720318
lib/api-zod/src/generated/types/listRulesParams.ts,generated,297,ad01348958c45b0c68b311b329e3a91815bce37a
lib/api-zod/src/generated/types/listTasksParams.ts,generated,366,68b7ed618cf8f1715e16e04d7e2ecc0713c8f30e
lib/api-zod/src/generated/types/listWorkflowsParams.ts,generated,224,51ef3fb6e56256b789e10cb88d45dfb287d007b5
lib/api-zod/src/generated/types/metricRecord.ts,generated,660,445fa95d957122dc7f39c3faf83b86bcf80c21ee
lib/api-zod/src/generated/types/metricRecordBuildStatus.ts,generated,394,b05671926413b495d04a5a0f4ca639a3589dc428
lib/api-zod/src/generated/types/plugin.ts,generated,433,a9561a3b791a1674ce9a8e9528a3b86d7d13fa90
lib/api-zod/src/generated/types/pluginCapabilitiesItem.ts,generated,436,4ced501aca8cfbc2f60e813f7625990194f3092c
lib/api-zod/src/generated/types/pluginProjectRequest.ts,generated,228,5cbb6477af7db1dd31bdd8c1b6d03fa6389ba25a
lib/api-zod/src/generated/types/project.ts,generated,473,c54d4f2313a1bf095ed4ad989a7b85cd289bcae7
lib/api-zod/src/generated/types/projectStatus.ts,generated,376,922fee64926144b77235009540db6a986a12bf0f
lib/api-zod/src/generated/types/projectSummary.ts,generated,508,6fd4ec5e54616e949c38e1b0bd570cbb3627e707
lib/api-zod/src/generated/types/projectSummaryTaskCounts.ts,generated,303,1b16e6a0111a6a74cf04b5406a00c5058e133d35
lib/api-zod/src/generated/types/rule.ts,generated,514,23d824c533c0306ed5a05b9fcfb229eaf8b51bca
lib/api-zod/src/generated/types/ruleEvaluationResult.ts,generated,424,90487e28eb6e9c5c1b0be87a788ece74245cbb79
lib/api-zod/src/generated/types/ruleEvaluationResultMatchesItem.ts,generated,267,fbb105b82f35f31503b38fbab6a5ce709270448a
lib/api-zod/src/generated/types/ruleSeverity.ts,generated,374,e336983d6a865bc161b6cd7e81af89ff1236fd18
lib/api-zod/src/generated/types/scanJob.ts,generated,739,933e93a7d69d3de152dbc53fe86fb75f0295f3e2
lib/api-zod/src/generated/types/scanJobStatus.ts,generated,376,378847f72d5447a02416f8af8d76f39c76039d61
lib/api-zod/src/generated/types/scanResult.ts,generated,329,ae719ef21f7fd2abffd3c30d8f09797cf47ebe5a
lib/api-zod/src/generated/types/sourceType.ts,generated,497,29836807328ccc0d437b48a8298c5fe8bc91a66c
lib/api-zod/src/generated/types/startDiscoveryInput.ts,generated,479,c381e35f5d9fa244ba0c289b17a1f1b6f1497512
lib/api-zod/src/generated/types/startDiscoveryInputSource.ts,generated,358,53a6075c6ff784175dc382d5da79178696e068ce
lib/api-zod/src/generated/types/task.ts,generated,784,8ba0c36f38f2bdbf0395d8135347347f05081b6f
lib/api-zod/src/generated/types/taskLog.ts,generated,427,6593651a922f8934b0c7897f5bb609317f7ead65
lib/api-zod/src/generated/types/taskLogLevel.ts,generated,352,c1f64ef0e6f6288225f892770626b96f6a3982b5
lib/api-zod/src/generated/types/taskLogMetadata.ts,generated,223,e10f9b84998478b7ffec4a5f7a3d44cb5ffaffae
lib/api-zod/src/generated/types/taskPriority.ts,generated,332,62c8c2aab6a8af2bbeefea7a5a638c71ae0458f8
lib/api-zod/src/generated/types/taskStatus.ts,generated,438,63c528a7296dc06b8c33bde13fd320766d273278
lib/api-zod/src/generated/types/updateProjectInput.ts,generated,359,f99fccf2c5826ed69aa469d5f030d558079ea5d4
lib/api-zod/src/generated/types/updateProjectInputStatus.ts,generated,420,0830c23b28b840c3e401382206868b88b5c55568
lib/api-zod/src/generated/types/updateRuleInput.ts,generated,391,56dcdd320a7b4de65471db960ea021f9feaf2cc7
lib/api-zod/src/generated/types/updateTaskInput.ts,generated,394,2478ba2344daa6b4ac646642adcdae78a1de7c9a
lib/api-zod/src/generated/types/verificationResult.ts,generated,346,cb59c86afcb50b8defa3975ea83637dd63c6c3c1
lib/api-zod/src/generated/types/verificationResultStepsItem.ts,generated,266,4a180e2c603cc0cf2c456acd8e76e56e624a6d3d
lib/api-zod/src/generated/types/workflow.ts,generated,548,df43220f909c4ab4fab0b681e7b06af85df4852c
lib/api-zod/src/generated/types/workflowExecution.ts,generated,443,f90fef6cd2bbe98fce9a2fc180db4c67fa71f015
lib/api-zod/src/generated/types/workflowPhase.ts,generated,257,29ffdf37dafb2006a7a34d34a2cc70d23328166e
lib/api-zod/src/generated/types/workflowStatus.ts,generated,398,fc863fd7f2a2302823920da40c428a8f2aafad69
lib/api-zod/src/index.ts,source,136,1bd0768852588a35bd73e329b2b7c572ecf19cfb
lib/api-zod/tsconfig.json,source,221,41f6da4cd217d5a061fca6a55d692ee44df1b594
lib/db/drizzle.config.ts,source,352,8b1c9549359bf9e99b23eafe2f2f05ae66615860
lib/db/package.json,source,578,783d9fb6e7206655b1d9cab893c953e7cc5899ba
lib/db/src/index.ts,source,434,26a6676638ea55b46d8a39bdfe2474022a19bea2
lib/db/src/schema/ai_chats.ts,source,1362,6ce170e55ad037aff585857d84226ad972da55bd
lib/db/src/schema/audit_logs.ts,source,2343,61a6f9948791133489c772501b3f84d6d15270d4
lib/db/src/schema/discovery.ts,source,4213,c8af6c65ea29b78897f3dc39045a9addd46253b6
lib/db/src/schema/events.ts,source,1434,f4115cbbcdc48526d0f2ed8abd5eb704f8cd4f63
lib/db/src/schema/graph.ts,source,2741,57184da20a607ac189cc356cfb2086b8187f87b5
lib/db/src/schema/index.ts,source,396,f299142154c22a3173df4dd8bd064fe602b381dc
lib/db/src/schema/metrics.ts,source,1307,aa461231f74ef9ff0642cda03c5534925a13fb77
lib/db/src/schema/plugins.ts,source,785,4c7937a5697db7c38eb7f0743dc852d9c31f1123
lib/db/src/schema/projects.ts,source,862,ea31448206a4e427ccd80270b4bc656783ef2edb
lib/db/src/schema/rules.ts,source,1113,2bad7639c2f7274ea503035d8ff1bc6ca46108fc
lib/db/src/schema/scan_jobs.ts,source,1394,66293848e80939c05dfdbe1bab9f9fe03989172c
lib/db/src/schema/task_logs.ts,source,862,6b5276d6d4e14a2674ee05d599966673f9d0f736
lib/db/src/schema/tasks.ts,source,1838,109f6bf4cd6ed07ec33c2e8561daec9d0f8b9839
lib/db/src/schema/workflows.ts,source,1762,944aa4d4d5d14bfaf0c08c57fb682533c0ab594e
lib/db/tsconfig.json,source,244,420e920be8313385a2466ce53ee16e434b1f1da7
lib/knowledge-engine/package.json,source,436,07b27945a67daa04470305cdd45ba9f4c727cbac
lib/knowledge-engine/src/__tests__/inference.test.ts,test,5906,bb8cb13075bdf43b030607e6f1502736455faead
lib/knowledge-engine/src/__tests__/queries.test.ts,test,7196,d957f0c105aae7db3cc2898249600927fbbfea76
lib/knowledge-engine/src/index.ts,source,718,5993d02784d39a2ec9c9bbab8ab7ccc7e22d2b81
lib/knowledge-engine/src/inference.ts,source,5150,77f19e76d5343d3dda667f4569b3473930410906
lib/knowledge-engine/src/queries.ts,source,8894,ecaa92c3344a84bb0023af79c7038aa4e81ba3b5
lib/knowledge-engine/src/types.ts,source,1982,f8a7704dcaeaf5d177b14d4e7829d809f955ef49
lib/knowledge-engine/tsconfig.json,source,298,1a4ce2e5b793cef25136ddfb9190e7cae9135b21
lib/scanner/package.json,source,434,99f9beb36f9fbed4bc7c495f0a141d4e98856b31
lib/scanner/src/__tests__/file-walker.test.ts,test,4764,838aa27496586bb3c05135e13d561c92e033984a
lib/scanner/src/__tests__/graph-extractor.test.ts,test,15774,77f6a87d744cc3f7c59a401a4f765ae6568c2ee2
lib/scanner/src/__tests__/metrics-calc.test.ts,test,4652,654eb1eee5d391a640c31fe346fbf04ee4607fa1
lib/scanner/src/__tests__/rule-matcher.test.ts,test,3493,2aa876744174c70705fbe12bd76343636ed9b693
lib/scanner/src/file-walker.ts,source,4619,2644cd76abd2a5afe57e78df960e8a64586126d9
lib/scanner/src/graph-extractor.ts,source,28060,317cf2e42bc1d515200041232be3c9d2fb5ae7ea
lib/scanner/src/index.ts,source,558,8773f4fde7688d4cb9cd379060f652a94c65b03d
lib/scanner/src/metrics-calc.ts,source,5505,286dc4b1ea1b15e1b2f35676ab188d1ee78cec04
lib/scanner/src/python-ast-script.py,source,4993,608f7dc12d3f54d6167dcd06e741cdc73be5cf43
lib/scanner/src/python-ast-script.ts,source,5935,6dff676850638aff6f5d384bee96fa9d31eef02f
lib/scanner/src/python-extractor.ts,source,3567,084047e255901b68af04d5ee8210de694b475260
lib/scanner/src/rule-matcher.ts,source,3971,5d65eeb4c65967d7ad0582c9b04bba8d9f905eeb
lib/scanner/tsconfig.json,source,244,420e920be8313385a2466ce53ee16e434b1f1da7
lib/scanner/vitest.config.ts,source,304,c73fb30bda52d84abb05cf9efe4459cb1119d567
package.json,config,1198,d88aaf7aba7675c8662295f203aced309f33c36e
pnpm-lock.yaml,config,240835,9b0e1e428eb64c51e6a4809545546a30214108bc
pnpm-workspace.yaml,config,6579,768d461f8a2107a2a3b7c9fdaa71ed192a7d716b
replit.md,config,7200,3eb25c32f25f9545e75a3c1d9c4d03d34e3cb2d1
scripts/check-codegen-drift.ts,script,2934,3208da13e2359f9870049b637afd470841e71f4c
scripts/package.json,script,281,8c98ba31b453fbdbacf0ec1f7a76d46cc8a7191d
scripts/post-merge.sh,script,72,f53d5ed872ff70349be605006327c87d6180af20
scripts/src/hello.ts,script,46,a380e3393416e6a6b5dc96c65595bbef9bc5a092
scripts/tsconfig.json,script,157,58e0dfb75ba1d2efbd98a6e6586cdd973dd7b40e
tsconfig.base.json,config,692,fc5b4284b920ed6bbe5ca23bfe1c195ebb662715
tsconfig.json,config,382,33505256791f9a222479879ba37d54482ab5fce9
